NCC001,Nguyen Van 1,hanoi
NCC002,Nguyen Van 2,hanoi
NCC003,Nguyen Van 3,hanoi
NCC004,Nguyen Van 4,haiduong
NCC005,Nguyen Van 5,hanoi
NCC006,Nguyen Van 6,hanoi
NCC007,Nguyen Van 7,hanoi
NCC008,Nguyen Van 8,namdinh
NCC009,Nguyen Van 9,hanoi
NCC010,Nguyen Van 10,hanoi
NCC011,Nguyen Van 11,nghean
NCC012,Nguyen Van 12,hanoi
NCC013,Nguyen Van 13,hanoi
NCC014,Nguyen Van 14,ninhbinh
NCC015,Nguyen Van 15,hanoi
NCC016,Nguyen Van 16,hanoi
NCC017,Nguyen Van 17,hanoi
NCC018,Nguyen Van 18,thanhhoa
NCC019,Nguyen Van 19,hanoi
NCC020,Nguyen Van 20,hanoi
